mouse_id,genotype,session_id,seg_id,model,nll,aic,bic
482,WT,24,482__MOUSE PRL__24__WT__0.6,random,60.9534361434451,123.90687228689,126.40668195722
482,WT,24,482__MOUSE PRL__24__WT__0.6,wsls,58.1188851003554,120.237770200711,125.237389541371
482,WT,24,482__MOUSE PRL__24__WT__0.6,q-learning,61.5948402100421,127.189680420084,132.189299760745
482,WT,24,482__MOUSE PRL__24__WT__0.6,assymetric q-learning,56.8564975833005,119.712995166601,127.212424177592
482,WT,24,482__MOUSE PRL__24__WT__0.6,q-learning with stickiness,57.7264443400997,123.452888680199,133.45212736152
482,WT,24,482__MOUSE PRL__24__WT__0.6,q-learning dual-alpha with stickiness,55.1304830432081,120.260966086416,132.760014438067
482,WT,24,482__MOUSE PRL__24__WT__0.6,hmm,55.808484729274,131.616969458548,156.615066161851
482,WT,25,482__MOUSE PRL__25__WT__0.6,random,59.666917811426,121.333835622852,123.833645293182
482,WT,25,482__MOUSE PRL__25__WT__0.6,wsls,59.9288194759582,123.857638951916,128.857258292577
482,WT,25,482__MOUSE PRL__25__WT__0.6,q-learning,60.2573550172005,124.514710034401,129.514329375062
482,WT,25,482__MOUSE PRL__25__WT__0.6,assymetric q-learning,60.1248525407891,126.249705081578,133.749134092569
482,WT,25,482__MOUSE PRL__25__WT__0.6,q-learning with stickiness,58.1452871810218,124.290574362044,134.289813043365
482,WT,25,482__MOUSE PRL__25__WT__0.6,q-learning dual-alpha with stickiness,58.1433177811952,126.28663556239,138.785683914042
482,WT,25,482__MOUSE PRL__25__WT__0.6,hmm,58.7976106934791,137.595221386958,162.593318090261
482,WT,26,482__MOUSE PRL__26__WT__0.6,random,62.361022198642,126.722044397284,129.221854067614
482,WT,26,482__MOUSE PRL__26__WT__0.6,wsls,55.5456812059354,115.091362411871,120.090981752531
482,WT,26,482__MOUSE PRL__26__WT__0.6,q-learning,54.8224105600979,113.644821120196,118.644440460856
482,WT,26,482__MOUSE PRL__26__WT__0.6,assymetric q-learning,54.6486153426728,115.297230685346,122.796659696336
482,WT,26,482__MOUSE PRL__26__WT__0.6,q-learning with stickiness,54.716836508748,117.433673017496,127.432911698817
482,WT,26,482__MOUSE PRL__26__WT__0.6,q-learning dual-alpha with stickiness,54.5639188779928,119.127837755986,131.626886107637
482,WT,26,482__MOUSE PRL__26__WT__0.6,hmm,59.6359309425441,139.271861885088,164.269958588391
483,NL3,24,483__MOUSE PRL__24__NL3__0.6,random,58.5736268282603,119.147253656521,121.647063326851
483,NL3,24,483__MOUSE PRL__24__NL3__0.6,wsls,59.332082256111,122.664164512222,127.663783852882
483,NL3,24,483__MOUSE PRL__24__NL3__0.6,q-learning,62.3691427755775,128.738285551155,133.737904891815
483,NL3,24,483__MOUSE PRL__24__NL3__0.6,assymetric q-learning,61.2139715058963,128.427943011793,135.927372022783
483,NL3,24,483__MOUSE PRL__24__NL3__0.6,q-learning with stickiness,59.2348788122144,126.469757624429,136.46899630575
483,NL3,24,483__MOUSE PRL__24__NL3__0.6,q-learning dual-alpha with stickiness,58.2681397041105,126.536279408221,139.035327759872
483,NL3,24,483__MOUSE PRL__24__NL3__0.6,hmm,56.2244141775881,132.448828355176,157.446925058479
483,NL3,25,483__MOUSE PRL__25__NL3__0.6,random,62.361022198642,126.722044397284,129.221854067614
483,NL3,25,483__MOUSE PRL__25__NL3__0.6,wsls,62.3293711876681,128.658742375336,133.658361715997
483,NL3,25,483__MOUSE PRL__25__NL3__0.6,q-learning,62.3596587982897,128.719317596579,133.71893693724
483,NL3,25,483__MOUSE PRL__25__NL3__0.6,assymetric q-learning,61.8801145049182,129.760229009836,137.259658020827
483,NL3,25,483__MOUSE PRL__25__NL3__0.6,q-learning with stickiness,62.2366755523873,132.473351104775,142.472589786096
483,NL3,25,483__MOUSE PRL__25__NL3__0.6,q-learning dual-alpha with stickiness,61.8558007212385,133.711601442477,146.210649794128
483,NL3,25,483__MOUSE PRL__25__NL3__0.6,hmm,61.4685716913161,142.937143382632,167.935240085935
483,NL3,26,483__MOUSE PRL__26__NL3__0.6,random,62.3832462502151,126.76649250043,129.26630217076
483,NL3,26,483__MOUSE PRL__26__NL3__0.6,wsls,60.7169379306506,125.433875861301,130.433495201962
483,NL3,26,483__MOUSE PRL__26__NL3__0.6,q-learning,59.3165632761477,122.633126552295,127.632745892956
483,NL3,26,483__MOUSE PRL__26__NL3__0.6,assymetric q-learning,59.0912280438476,124.182456087695,131.681885098686
483,NL3,26,483__MOUSE PRL__26__NL3__0.6,q-learning with stickiness,59.2216672421095,126.443334484219,136.44257316554
483,NL3,26,483__MOUSE PRL__26__NL3__0.6,q-learning dual-alpha with stickiness,58.5154552496496,127.030910499299,139.52995885095
483,NL3,26,483__MOUSE PRL__26__NL3__0.6,hmm,61.0054246248637,142.010849249727,167.00894595303
484,NL3,24,484__MOUSE PRL__24__NL3__0.6,random,61.8265418935791,125.653083787158,128.152893457488
484,NL3,24,484__MOUSE PRL__24__NL3__0.6,wsls,58.6884064151575,121.376812830315,126.376432170975
484,NL3,24,484__MOUSE PRL__24__NL3__0.6,q-learning,62.098624868784,128.197249737568,133.196869078228
484,NL3,24,484__MOUSE PRL__24__NL3__0.6,assymetric q-learning,61.2576797676654,128.515359535331,136.014788546322
484,NL3,24,484__MOUSE PRL__24__NL3__0.6,q-learning with stickiness,58.621874941832,125.243749883664,135.242988564985
484,NL3,24,484__MOUSE PRL__24__NL3__0.6,q-learning dual-alpha with stickiness,58.2558955992998,126.5117911986,139.010839550251
484,NL3,24,484__MOUSE PRL__24__NL3__0.6,hmm,57.1627472449673,134.325494489935,159.323591193237
484,NL3,25,484__MOUSE PRL__25__NL3__0.6,random,62.0272209872465,126.054441974493,128.554251644823
484,NL3,25,484__MOUSE PRL__25__NL3__0.6,wsls,61.3254339692333,126.650867938466,131.650487279127
484,NL3,25,484__MOUSE PRL__25__NL3__0.6,q-learning,61.9015590569964,127.803118113993,132.802737454653
484,NL3,25,484__MOUSE PRL__25__NL3__0.6,assymetric q-learning,61.9014986507722,129.802997301544,137.302426312535
484,NL3,25,484__MOUSE PRL__25__NL3__0.6,q-learning with stickiness,60.8335801099065,129.667160219813,139.666398901134
484,NL3,25,484__MOUSE PRL__25__NL3__0.6,q-learning dual-alpha with stickiness,60.8335703390549,131.66714067811,144.166189029761
484,NL3,25,484__MOUSE PRL__25__NL3__0.6,hmm,60.5315280003706,141.063056000741,166.061152704044
484,NL3,26,484__MOUSE PRL__26__NL3__0.6,random,62.2943280743479,126.588656148696,129.088465819026
484,NL3,26,484__MOUSE PRL__26__NL3__0.6,wsls,62.2041898133021,128.408379626604,133.407998967265
484,NL3,26,484__MOUSE PRL__26__NL3__0.6,q-learning,61.9878310601763,127.975662120353,132.975281461013
484,NL3,26,484__MOUSE PRL__26__NL3__0.6,assymetric q-learning,61.308603691466,128.617207382932,136.116636393923
484,NL3,26,484__MOUSE PRL__26__NL3__0.6,q-learning with stickiness,59.3302081636029,126.660416327206,136.659655008527
484,NL3,26,484__MOUSE PRL__26__NL3__0.6,q-learning dual-alpha with stickiness,59.2722389724145,128.544477944829,141.04352629648
484,NL3,26,484__MOUSE PRL__26__NL3__0.6,hmm,60.6459468123256,141.291893624651,166.289990327954
485,NL3,24,485__MOUSE PRL__24__NL3__0.6,random,60.9534361434451,123.90687228689,126.40668195722
485,NL3,24,485__MOUSE PRL__24__NL3__0.6,wsls,60.6950380378677,125.390076075735,130.389695416396
485,NL3,24,485__MOUSE PRL__24__NL3__0.6,q-learning,58.3627991539983,120.725598307997,125.725217648657
485,NL3,24,485__MOUSE PRL__24__NL3__0.6,assymetric q-learning,58.362541357065,122.72508271413,130.224511725121
485,NL3,24,485__MOUSE PRL__24__NL3__0.6,q-learning with stickiness,58.1764704575478,124.352940915096,134.352179596417
485,NL3,24,485__MOUSE PRL__24__NL3__0.6,q-learning dual-alpha with stickiness,58.1735090989117,126.347018197823,138.846066549475
485,NL3,24,485__MOUSE PRL__24__NL3__0.6,hmm,58.9758115516379,137.951623103276,162.949719806579
485,NL3,25,485__MOUSE PRL__25__NL3__0.6,random,60.9534361434451,123.90687228689,126.40668195722
485,NL3,25,485__MOUSE PRL__25__NL3__0.6,wsls,62.1818419635802,128.36368392716,133.363303267821
485,NL3,25,485__MOUSE PRL__25__NL3__0.6,q-learning,62.3832697902449,128.76653958049,133.76615892115
485,NL3,25,485__MOUSE PRL__25__NL3__0.6,assymetric q-learning,62.3832697914423,130.766539582885,138.265968593875
485,NL3,25,485__MOUSE PRL__25__NL3__0.6,q-learning with stickiness,62.3215587786369,132.643117557274,142.642356238595
485,NL3,25,485__MOUSE PRL__25__NL3__0.6,q-learning dual-alpha with stickiness,62.3215587887744,134.643117577549,147.1421659292
485,NL3,25,485__MOUSE PRL__25__NL3__0.6,hmm,59.9595038360953,139.919007672191,164.917104375493
485,NL3,26,485__MOUSE PRL__26__NL3__0.6,random,61.8265418935791,125.653083787158,128.152893457488
485,NL3,26,485__MOUSE PRL__26__NL3__0.6,wsls,58.9203570529817,121.840714105963,126.840333446624
485,NL3,26,485__MOUSE PRL__26__NL3__0.6,q-learning,59.4364341548091,122.872868309618,127.872487650279
485,NL3,26,485__MOUSE PRL__26__NL3__0.6,assymetric q-learning,56.3498707456358,118.699741491272,126.199170502262
485,NL3,26,485__MOUSE PRL__26__NL3__0.6,q-learning with stickiness,57.3218386865047,122.643677373009,132.64291605433
485,NL3,26,485__MOUSE PRL__26__NL3__0.6,q-learning dual-alpha with stickiness,55.2162587595474,120.432517519095,132.931565870746
485,NL3,26,485__MOUSE PRL__26__NL3__0.6,hmm,57.8519751275099,135.70395025502,160.702046958323
494,NL3,24,494__MOUSE PRL__24__NL3__0.6,random,61.8265418935791,125.653083787158,128.152893457488
494,NL3,24,494__MOUSE PRL__24__NL3__0.6,wsls,61.2204912990323,126.440982598065,131.440601938725
494,NL3,24,494__MOUSE PRL__24__NL3__0.6,q-learning,60.6313477091835,125.262695418367,130.262314759028
494,NL3,24,494__MOUSE PRL__24__NL3__0.6,assymetric q-learning,60.5064633281037,127.012926656207,134.512355667198
494,NL3,24,494__MOUSE PRL__24__NL3__0.6,q-learning with stickiness,59.0134942165445,126.026988433089,136.02622711441
494,NL3,24,494__MOUSE PRL__24__NL3__0.6,q-learning dual-alpha with stickiness,59.0056735157832,128.011347031566,140.510395383218
494,NL3,24,494__MOUSE PRL__24__NL3__0.6,hmm,60.7958253610462,141.591650722092,166.589747425395
494,NL3,25,494__MOUSE PRL__25__NL3__0.6,random,62.1830978380636,126.366195676127,128.866005346458
494,NL3,25,494__MOUSE PRL__25__NL3__0.6,wsls,60.5691315260234,125.138263052047,130.137882392707
494,NL3,25,494__MOUSE PRL__25__NL3__0.6,q-learning,59.1831944133511,122.366388826702,127.366008167363
494,NL3,25,494__MOUSE PRL__25__NL3__0.6,assymetric q-learning,58.650564077412,123.301128154824,130.800557165815
494,NL3,25,494__MOUSE PRL__25__NL3__0.6,q-learning with stickiness,57.1935564508556,122.387112901711,132.386351583032
494,NL3,25,494__MOUSE PRL__25__NL3__0.6,q-learning dual-alpha with stickiness,56.8958629574836,123.791725914967,136.290774266619
494,NL3,25,494__MOUSE PRL__25__NL3__0.6,hmm,61.0933667475959,142.186733495192,167.184830198495
494,NL3,26,494__MOUSE PRL__26__NL3__0.6,random,61.8265418935791,125.653083787158,128.152893457488
494,NL3,26,494__MOUSE PRL__26__NL3__0.6,wsls,60.4616609357809,124.923321871562,129.922941212222
494,NL3,26,494__MOUSE PRL__26__NL3__0.6,q-learning,61.5018377535002,127.003675507,132.003294847661
494,NL3,26,494__MOUSE PRL__26__NL3__0.6,assymetric q-learning,61.374231419522,128.748462839044,136.247891850035
494,NL3,26,494__MOUSE PRL__26__NL3__0.6,q-learning with stickiness,58.6624523524527,125.324904704905,135.324143386226
494,NL3,26,494__MOUSE PRL__26__NL3__0.6,q-learning dual-alpha with stickiness,58.6563746746207,127.312749349241,139.811797700893
494,NL3,26,494__MOUSE PRL__26__NL3__0.6,hmm,58.6400530793297,137.280106158659,162.278202861962
495,WT,24,495__MOUSE PRL__24__WT__0.6,random,62.1830978380636,126.366195676127,128.866005346458
495,WT,24,495__MOUSE PRL__24__WT__0.6,wsls,56.5074343103787,117.014868620757,122.014487961418
495,WT,24,495__MOUSE PRL__24__WT__0.6,q-learning,60.9505157029693,125.901031405939,130.900650746599
495,WT,24,495__MOUSE PRL__24__WT__0.6,assymetric q-learning,60.5660439603196,127.132087920639,134.63151693163
495,WT,24,495__MOUSE PRL__24__WT__0.6,q-learning with stickiness,57.0463243856578,122.092648771316,132.091887452637
495,WT,24,495__MOUSE PRL__24__WT__0.6,q-learning dual-alpha with stickiness,56.9306230887152,123.86124617743,136.360294529082
495,WT,24,495__MOUSE PRL__24__WT__0.6,hmm,57.3428544693738,134.685708938748,159.68380564205
495,WT,25,495__MOUSE PRL__25__WT__0.6,random,60.5710500306531,123.142100061306,125.641909731636
495,WT,25,495__MOUSE PRL__25__WT__0.6,wsls,58.7479634353988,121.495926870798,126.495546211458
495,WT,25,495__MOUSE PRL__25__WT__0.6,q-learning,62.383260163538,128.766520327076,133.766139667737
495,WT,25,495__MOUSE PRL__25__WT__0.6,assymetric q-learning,62.3832512199707,130.766502439941,138.265931450932
495,WT,25,495__MOUSE PRL__25__WT__0.6,q-learning with stickiness,57.194477242371,122.388954484742,132.388193166063
495,WT,25,495__MOUSE PRL__25__WT__0.6,q-learning dual-alpha with stickiness,57.1121521198801,124.22430423976,136.723352591412
495,WT,25,495__MOUSE PRL__25__WT__0.6,hmm,57.7680020202385,135.536004040477,160.53410074378
495,WT,26,495__MOUSE PRL__26__WT__0.6,random,62.361022198642,126.722044397284,129.221854067614
495,WT,26,495__MOUSE PRL__26__WT__0.6,wsls,54.3643733506387,112.728746701277,117.728366041938
495,WT,26,495__MOUSE PRL__26__WT__0.6,q-learning,61.3993849535305,126.798769907061,131.798389247722
495,WT,26,495__MOUSE PRL__26__WT__0.6,assymetric q-learning,61.1041071491082,128.208214298216,135.707643309207
495,WT,26,495__MOUSE PRL__26__WT__0.6,q-learning with stickiness,54.1206222588603,116.241244517721,126.240483199042
495,WT,26,495__MOUSE PRL__26__WT__0.6,q-learning dual-alpha with stickiness,54.038546735879,118.077093471758,130.576141823409
495,WT,26,495__MOUSE PRL__26__WT__0.6,hmm,52.9579977573267,125.915995514653,150.914092217956
496,NL3,24,496__MOUSE PRL__24__NL3__0.6,random,62.0272209872465,126.054441974493,128.554251644823
496,NL3,24,496__MOUSE PRL__24__NL3__0.6,wsls,60.3044682648647,124.608936529729,129.60855587039
496,NL3,24,496__MOUSE PRL__24__NL3__0.6,q-learning,60.5397722169927,125.079544433985,130.079163774646
496,NL3,24,496__MOUSE PRL__24__NL3__0.6,assymetric q-learning,60.504101845304,127.008203690608,134.507632701599
496,NL3,24,496__MOUSE PRL__24__NL3__0.6,q-learning with stickiness,60.5306885223409,129.061377044682,139.060615726003
496,NL3,24,496__MOUSE PRL__24__NL3__0.6,q-learning dual-alpha with stickiness,60.4929654965645,130.985930993129,143.48497934478
496,NL3,24,496__MOUSE PRL__24__NL3__0.6,hmm,60.9833464154029,141.966692830806,166.964789534108
496,NL3,25,496__MOUSE PRL__25__NL3__0.6,random,62.0272209872465,126.054441974493,128.554251644823
496,NL3,25,496__MOUSE PRL__25__NL3__0.6,wsls,60.7496190691054,125.499238138211,130.498857478871
496,NL3,25,496__MOUSE PRL__25__NL3__0.6,q-learning,59.810064265824,123.620128531648,128.619747872308
496,NL3,25,496__MOUSE PRL__25__NL3__0.6,assymetric q-learning,59.6799618142934,125.359923628587,132.859352639578
496,NL3,25,496__MOUSE PRL__25__NL3__0.6,q-learning with stickiness,57.7499252751262,123.499850550252,133.499089231573
496,NL3,25,496__MOUSE PRL__25__NL3__0.6,q-learning dual-alpha with stickiness,57.7038974222054,125.407794844411,137.906843196062
496,NL3,25,496__MOUSE PRL__25__NL3__0.6,hmm,57.4213644597459,134.842728919492,159.840825622794
496,NL3,26,496__MOUSE PRL__26__NL3__0.6,random,60.1423629896285,122.284725979257,124.784535649587
496,NL3,26,496__MOUSE PRL__26__NL3__0.6,wsls,61.6692600051046,127.338520010209,132.33813935087
496,NL3,26,496__MOUSE PRL__26__NL3__0.6,q-learning,60.6671731326067,125.334346265213,130.333965605874
496,NL3,26,496__MOUSE PRL__26__NL3__0.6,assymetric q-learning,60.6419665457634,127.283933091527,134.783362102518
496,NL3,26,496__MOUSE PRL__26__NL3__0.6,q-learning with stickiness,60.1644001131314,128.328800226263,138.328038907584
496,NL3,26,496__MOUSE PRL__26__NL3__0.6,q-learning dual-alpha with stickiness,60.1559942317192,130.311988463438,142.81103681509
496,NL3,26,496__MOUSE PRL__26__NL3__0.6,hmm,59.3900900148672,138.780180029734,163.778276733037
497,WT,24,497__MOUSE PRL__24__WT__0.6,random,62.1830978380636,126.366195676127,128.866005346458
497,WT,24,497__MOUSE PRL__24__WT__0.6,wsls,54.445855038506,112.891710077012,117.891329417672
497,WT,24,497__MOUSE PRL__24__WT__0.6,q-learning,62.052164465018,128.104328930036,133.103948270696
497,WT,24,497__MOUSE PRL__24__WT__0.6,assymetric q-learning,60.8301494033407,127.660298806681,135.159727817672
497,WT,24,497__MOUSE PRL__24__WT__0.6,q-learning with stickiness,53.453539572571,114.907079145142,124.906317826463
497,WT,24,497__MOUSE PRL__24__WT__0.6,q-learning dual-alpha with stickiness,53.3672009272431,116.734401854486,129.233450206138
497,WT,24,497__MOUSE PRL__24__WT__0.6,hmm,52.1666292664098,124.33325853282,149.331355236122
497,WT,25,497__MOUSE PRL__25__WT__0.6,random,62.0272209872465,126.054441974493,128.554251644823
497,WT,25,497__MOUSE PRL__25__WT__0.6,wsls,58.1831312304945,120.366262460989,125.36588180165
497,WT,25,497__MOUSE PRL__25__WT__0.6,q-learning,58.6838881454479,121.367776290896,126.367395631556
497,WT,25,497__MOUSE PRL__25__WT__0.6,assymetric q-learning,58.525785161371,123.051570322742,130.550999333733
497,WT,25,497__MOUSE PRL__25__WT__0.6,q-learning with stickiness,56.54077248897,121.08154497794,131.080783659261
497,WT,25,497__MOUSE PRL__25__WT__0.6,q-learning dual-alpha with stickiness,56.5107633835193,123.021526767039,135.52057511869
497,WT,25,497__MOUSE PRL__25__WT__0.6,hmm,53.9898352294499,127.9796704589,152.977767162202
497,WT,26,497__MOUSE PRL__26__WT__0.6,random,61.289922893707,124.579845787414,127.079655457744
497,WT,26,497__MOUSE PRL__26__WT__0.6,wsls,58.4008834830416,120.801766966083,125.801386306744
497,WT,26,497__MOUSE PRL__26__WT__0.6,q-learning,57.1680964196798,118.33619283936,123.33581218002
497,WT,26,497__MOUSE PRL__26__WT__0.6,assymetric q-learning,56.7917005498454,119.583401099691,127.082830110682
497,WT,26,497__MOUSE PRL__26__WT__0.6,q-learning with stickiness,56.1866481256319,120.373296251264,130.372534932585
497,WT,26,497__MOUSE PRL__26__WT__0.6,q-learning dual-alpha with stickiness,55.8980029143413,121.796005828683,134.295054180334
497,WT,26,497__MOUSE PRL__26__WT__0.6,hmm,57.8601943188079,135.720388637616,160.718485340918
498,NL3,24,498__MOUSE PRL__24__NL3__0.6,random,59.666917811426,121.333835622852,123.833645293182
498,NL3,24,498__MOUSE PRL__24__NL3__0.6,wsls,60.3534208620387,124.706841724077,129.706461064738
498,NL3,24,498__MOUSE PRL__24__NL3__0.6,q-learning,59.0837627648526,122.167525529705,127.167144870366
498,NL3,24,498__MOUSE PRL__24__NL3__0.6,assymetric q-learning,59.0305333861918,124.061066772384,131.560495783374
498,NL3,24,498__MOUSE PRL__24__NL3__0.6,q-learning with stickiness,56.1694810493628,120.338962098726,130.338200780047
498,NL3,24,498__MOUSE PRL__24__NL3__0.6,q-learning dual-alpha with stickiness,56.1622680946884,122.324536189377,134.823584541028
498,NL3,24,498__MOUSE PRL__24__NL3__0.6,hmm,57.8697135299603,135.739427059921,160.737523763223
498,NL3,25,498__MOUSE PRL__25__NL3__0.6,random,61.5808588615471,125.161717723094,127.661527393424
498,NL3,25,498__MOUSE PRL__25__NL3__0.6,wsls,60.9162716325793,125.832543265159,130.832162605819
498,NL3,25,498__MOUSE PRL__25__NL3__0.6,q-learning,61.6860130165648,127.37202603313,132.37164537379
498,NL3,25,498__MOUSE PRL__25__NL3__0.6,assymetric q-learning,60.8723326351336,127.744665270267,135.244094281258
498,NL3,25,498__MOUSE PRL__25__NL3__0.6,q-learning with stickiness,61.1668649900483,130.333729980097,140.332968661418
498,NL3,25,498__MOUSE PRL__25__NL3__0.6,q-learning dual-alpha with stickiness,60.5412446583239,131.082489316648,143.581537668299
498,NL3,25,498__MOUSE PRL__25__NL3__0.6,hmm,59.7045649200038,139.409129840008,164.40722654331
498,NL3,26,498__MOUSE PRL__26__NL3__0.6,random,62.361022198642,126.722044397284,129.221854067614
498,NL3,26,498__MOUSE PRL__26__NL3__0.6,wsls,59.7651745970943,123.530349194189,128.529968534849
498,NL3,26,498__MOUSE PRL__26__NL3__0.6,q-learning,61.9192896723313,127.838579344663,132.838198685323
498,NL3,26,498__MOUSE PRL__26__NL3__0.6,assymetric q-learning,61.4397288936541,128.879457787308,136.378886798299
498,NL3,26,498__MOUSE PRL__26__NL3__0.6,q-learning with stickiness,59.3682755857699,126.73655117154,136.735789852861
498,NL3,26,498__MOUSE PRL__26__NL3__0.6,q-learning dual-alpha with stickiness,59.1494926929943,128.298985385989,140.79803373764
498,NL3,26,498__MOUSE PRL__26__NL3__0.6,hmm,59.1577860479827,138.315572095965,163.313668799268
499,NL3,24,499__MOUSE PRL__24__NL3__0.6,random,57.2862751463532,116.572550292706,119.072359963037
499,NL3,24,499__MOUSE PRL__24__NL3__0.6,wsls,59.9626265997817,123.925253199563,128.924872540224
499,NL3,24,499__MOUSE PRL__24__NL3__0.6,q-learning,57.9014580160086,119.802916032017,124.802535372678
499,NL3,24,499__MOUSE PRL__24__NL3__0.6,assymetric q-learning,57.8762485530229,121.752497106046,129.251926117037
499,NL3,24,499__MOUSE PRL__24__NL3__0.6,q-learning with stickiness,57.676372095502,123.352744191004,133.351982872325
499,NL3,24,499__MOUSE PRL__24__NL3__0.6,q-learning dual-alpha with stickiness,57.6572413475084,125.314482695017,137.813531046668
499,NL3,24,499__MOUSE PRL__24__NL3__0.6,hmm,53.8405276795891,127.681055359178,152.679152062481
499,NL3,25,499__MOUSE PRL__25__NL3__0.6,random,61.8265418935791,125.653083787158,128.152893457488
499,NL3,25,499__MOUSE PRL__25__NL3__0.6,wsls,58.0347356660415,120.069471332083,125.069090672744
499,NL3,25,499__MOUSE PRL__25__NL3__0.6,q-learning,59.3956480000014,122.791296000003,127.790915340663
499,NL3,25,499__MOUSE PRL__25__NL3__0.6,assymetric q-learning,59.3956480000013,124.791296000003,132.290725010993
499,NL3,25,499__MOUSE PRL__25__NL3__0.6,q-learning with stickiness,57.7310772308996,123.462154461799,133.46139314312
499,NL3,25,499__MOUSE PRL__25__NL3__0.6,q-learning dual-alpha with stickiness,57.7310772308188,125.462154461638,137.961202813289
499,NL3,25,499__MOUSE PRL__25__NL3__0.6,hmm,59.7444790616606,139.488958123321,164.487054826624
499,NL3,26,499__MOUSE PRL__26__NL3__0.6,random,60.5710500306531,123.142100061306,125.641909731636
499,NL3,26,499__MOUSE PRL__26__NL3__0.6,wsls,59.1717252522938,122.343450504588,127.343069845248
499,NL3,26,499__MOUSE PRL__26__NL3__0.6,q-learning,60.9940567016323,125.988113403265,130.987732743925
499,NL3,26,499__MOUSE PRL__26__NL3__0.6,assymetric q-learning,60.7681882600687,127.536376520137,135.035805531128
499,NL3,26,499__MOUSE PRL__26__NL3__0.6,q-learning with stickiness,58.817687461412,125.635374922824,135.634613604145
499,NL3,26,499__MOUSE PRL__26__NL3__0.6,q-learning dual-alpha with stickiness,58.6914223717797,127.382844743559,139.881893095211
499,NL3,26,499__MOUSE PRL__26__NL3__0.6,hmm,58.1475610089844,136.295122017969,161.293218721271
511,NL3,24,511__MOUSE PRL__24__NL3__0.6,random,61.289922893707,124.579845787414,127.079655457744
511,NL3,24,511__MOUSE PRL__24__NL3__0.6,wsls,55.9025311197522,115.805062239504,120.804681580165
511,NL3,24,511__MOUSE PRL__24__NL3__0.6,q-learning,57.2437908266767,118.487581653354,123.487200994014
511,NL3,24,511__MOUSE PRL__24__NL3__0.6,assymetric q-learning,57.2437908266765,120.487581653353,127.987010664344
511,NL3,24,511__MOUSE PRL__24__NL3__0.6,q-learning with stickiness,54.5379530302018,117.075906060404,127.075144741725
511,NL3,24,511__MOUSE PRL__24__NL3__0.6,q-learning dual-alpha with stickiness,54.5379530302011,119.075906060402,131.574954412053
511,NL3,24,511__MOUSE PRL__24__NL3__0.6,hmm,57.4372817425152,134.87456348503,159.872660188333
511,NL3,25,511__MOUSE PRL__25__NL3__0.6,random,62.3832462502151,126.76649250043,129.26630217076
511,NL3,25,511__MOUSE PRL__25__NL3__0.6,wsls,61.0550739072403,126.110147814481,131.109767155141
511,NL3,25,511__MOUSE PRL__25__NL3__0.6,q-learning,62.1667847772907,128.333569554581,133.333188895242
511,NL3,25,511__MOUSE PRL__25__NL3__0.6,assymetric q-learning,61.9794361744755,129.958872348951,137.458301359942
511,NL3,25,511__MOUSE PRL__25__NL3__0.6,q-learning with stickiness,60.6480539667083,129.296107933417,139.295346614738
511,NL3,25,511__MOUSE PRL__25__NL3__0.6,q-learning dual-alpha with stickiness,60.5595479348618,131.119095869724,143.618144221375
511,NL3,25,511__MOUSE PRL__25__NL3__0.6,hmm,60.3437969770223,140.687593954045,165.685690657347
511,NL3,26,511__MOUSE PRL__26__NL3__0.6,random,61.5808588615471,125.161717723094,127.661527393424
511,NL3,26,511__MOUSE PRL__26__NL3__0.6,wsls,58.2088371353081,120.417674270616,125.417293611277
511,NL3,26,511__MOUSE PRL__26__NL3__0.6,q-learning,61.7804428578507,127.560885715701,132.560505056362
511,NL3,26,511__MOUSE PRL__26__NL3__0.6,assymetric q-learning,61.712949805953,129.425899611906,136.925328622897
511,NL3,26,511__MOUSE PRL__26__NL3__0.6,q-learning with stickiness,57.5403341193861,123.080668238772,133.079906920093
511,NL3,26,511__MOUSE PRL__26__NL3__0.6,q-learning dual-alpha with stickiness,57.4913355262337,124.982671052467,137.481719404119
511,NL3,26,511__MOUSE PRL__26__NL3__0.6,hmm,57.2156855476225,134.431371095245,159.429467798548
512,WT,24,512__MOUSE PRL__24__WT__0.6,random,62.361022198642,126.722044397284,129.221854067614
512,WT,24,512__MOUSE PRL__24__WT__0.6,wsls,60.9162716325793,125.832543265159,130.832162605819
512,WT,24,512__MOUSE PRL__24__WT__0.6,q-learning,60.5391267146255,125.078253429251,130.077872769912
512,WT,24,512__MOUSE PRL__24__WT__0.6,assymetric q-learning,59.9041736750429,125.808347350086,133.307776361077
512,WT,24,512__MOUSE PRL__24__WT__0.6,q-learning with stickiness,60.0668270409381,128.133654081876,138.132892763197
512,WT,24,512__MOUSE PRL__24__WT__0.6,q-learning dual-alpha with stickiness,59.5527758878588,129.105551775718,141.604600127369
512,WT,24,512__MOUSE PRL__24__WT__0.6,hmm,60.6888854053227,141.377770810645,166.375867513948
512,WT,25,512__MOUSE PRL__25__WT__0.6,random,62.2943280743479,126.588656148696,129.088465819026
512,WT,25,512__MOUSE PRL__25__WT__0.6,wsls,58.5511973027012,121.102394605402,126.102013946063
512,WT,25,512__MOUSE PRL__25__WT__0.6,q-learning,59.3792673198418,122.758534639684,127.758153980344
512,WT,25,512__MOUSE PRL__25__WT__0.6,assymetric q-learning,59.369230135895,124.73846027179,132.237889282781
512,WT,25,512__MOUSE PRL__25__WT__0.6,q-learning with stickiness,57.5095074070503,123.019014814101,133.018253495422
512,WT,25,512__MOUSE PRL__25__WT__0.6,q-learning dual-alpha with stickiness,57.5042057567709,125.008411513542,137.507459865193
512,WT,25,512__MOUSE PRL__25__WT__0.6,hmm,58.9338810775285,137.867762155057,162.86585885836
512,WT,26,512__MOUSE PRL__26__WT__0.6,random,62.361022198642,126.722044397284,129.221854067614
512,WT,26,512__MOUSE PRL__26__WT__0.6,wsls,59.2502675057957,122.500535011591,127.500154352252
512,WT,26,512__MOUSE PRL__26__WT__0.6,q-learning,60.0356976728135,124.071395345627,129.071014686288
512,WT,26,512__MOUSE PRL__26__WT__0.6,assymetric q-learning,59.4827713177556,124.965542635511,132.464971646502
512,WT,26,512__MOUSE PRL__26__WT__0.6,q-learning with stickiness,58.2975991561149,124.59519831223,134.594436993551
512,WT,26,512__MOUSE PRL__26__WT__0.6,q-learning dual-alpha with stickiness,57.9372139665871,125.874427933174,138.373476284826
512,WT,26,512__MOUSE PRL__26__WT__0.6,hmm,59.0529742323517,138.105948464703,163.104045168006
513,WT,24,513__MOUSE PRL__24__WT__0.6,random,62.3832462502151,126.76649250043,129.26630217076
513,WT,24,513__MOUSE PRL__24__WT__0.6,wsls,55.9519819219618,115.903963843924,120.903583184584
513,WT,24,513__MOUSE PRL__24__WT__0.6,q-learning,59.5103370141155,123.020674028231,128.020293368892
513,WT,24,513__MOUSE PRL__24__WT__0.6,assymetric q-learning,58.7628383369263,123.525676673853,131.025105684843
513,WT,24,513__MOUSE PRL__24__WT__0.6,q-learning with stickiness,55.5558694097127,119.111738819425,129.110977500746
513,WT,24,513__MOUSE PRL__24__WT__0.6,q-learning dual-alpha with stickiness,55.0955362178686,120.191072435737,132.690120787389
513,WT,24,513__MOUSE PRL__24__WT__0.6,hmm,55.5740451741887,131.148090348377,156.14618705168
513,WT,25,513__MOUSE PRL__25__WT__0.6,random,62.1830978380636,126.366195676127,128.866005346458
513,WT,25,513__MOUSE PRL__25__WT__0.6,wsls,60.5498403568523,125.099680713705,130.099300054365
513,WT,25,513__MOUSE PRL__25__WT__0.6,q-learning,61.4564995803344,126.912999160669,131.912618501329
513,WT,25,513__MOUSE PRL__25__WT__0.6,assymetric q-learning,61.4129677934252,128.82593558685,136.325364597841
513,WT,25,513__MOUSE PRL__25__WT__0.6,q-learning with stickiness,61.0320114789162,130.064022957832,140.063261639153
513,WT,25,513__MOUSE PRL__25__WT__0.6,q-learning dual-alpha with stickiness,61.0052325576564,132.010465115313,144.509513466964
513,WT,25,513__MOUSE PRL__25__WT__0.6,hmm,61.0045131243381,142.009026248676,167.007122951979
513,WT,26,513__MOUSE PRL__26__WT__0.6,random,62.1830978380636,126.366195676127,128.866005346458
513,WT,26,513__MOUSE PRL__26__WT__0.6,wsls,60.4375993553537,124.875198710707,129.874818051368
513,WT,26,513__MOUSE PRL__26__WT__0.6,q-learning,62.0645106274164,128.129021254833,133.128640595493
513,WT,26,513__MOUSE PRL__26__WT__0.6,assymetric q-learning,61.1808419179848,128.36168383597,135.86111284696
513,WT,26,513__MOUSE PRL__26__WT__0.6,q-learning with stickiness,60.1389797958267,128.277959591654,138.277198272975
513,WT,26,513__MOUSE PRL__26__WT__0.6,q-learning dual-alpha with stickiness,59.8412254543198,129.68245090864,142.181499260291
513,WT,26,513__MOUSE PRL__26__WT__0.6,hmm,59.9608273374617,139.921654674923,164.919751378226
522,NL3,24,522__MOUSE PRL__24__NL3__0.6,random,60.5710500306531,123.142100061306,125.641909731636
522,NL3,24,522__MOUSE PRL__24__NL3__0.6,wsls,62.0483979591348,128.09679591827,133.09641525893
522,NL3,24,522__MOUSE PRL__24__NL3__0.6,q-learning,58.80700746688,121.61401493376,126.613634274421
522,NL3,24,522__MOUSE PRL__24__NL3__0.6,assymetric q-learning,58.7853592622937,123.570718524587,131.070147535578
522,NL3,24,522__MOUSE PRL__24__NL3__0.6,q-learning with stickiness,57.8643934757427,123.728786951485,133.728025632807
522,NL3,24,522__MOUSE PRL__24__NL3__0.6,q-learning dual-alpha with stickiness,57.8643929108895,125.728785821779,138.22783417343
522,NL3,24,522__MOUSE PRL__24__NL3__0.6,hmm,59.3402142892694,138.680428578539,163.678525281841
522,NL3,25,522__MOUSE PRL__25__NL3__0.6,random,62.361022198642,126.722044397284,129.221854067614
522,NL3,25,522__MOUSE PRL__25__NL3__0.6,wsls,61.1828260293945,126.365652058789,131.36527139945
522,NL3,25,522__MOUSE PRL__25__NL3__0.6,q-learning,60.5522114251215,125.104422850243,130.104042190904
522,NL3,25,522__MOUSE PRL__25__NL3__0.6,assymetric q-learning,60.2290710771497,126.458142154299,133.95757116529
522,NL3,25,522__MOUSE PRL__25__NL3__0.6,q-learning with stickiness,59.2740045260645,126.548009052129,136.54724773345
522,NL3,25,522__MOUSE PRL__25__NL3__0.6,q-learning dual-alpha with stickiness,58.9214094932791,127.842818986558,140.34186733821
522,NL3,25,522__MOUSE PRL__25__NL3__0.6,hmm,60.6995632005067,141.399126401013,166.397223104316
522,NL3,26,522__MOUSE PRL__26__NL3__0.6,random,62.2943280743479,126.588656148696,129.088465819026
522,NL3,26,522__MOUSE PRL__26__NL3__0.6,wsls,56.2462102853106,116.492420570621,121.492039911282
522,NL3,26,522__MOUSE PRL__26__NL3__0.6,q-learning,58.0805572187597,120.161114437519,125.16073377818
522,NL3,26,522__MOUSE PRL__26__NL3__0.6,assymetric q-learning,57.3846690149333,120.769338029867,128.268767040857
522,NL3,26,522__MOUSE PRL__26__NL3__0.6,q-learning with stickiness,56.2149752392039,120.429950478408,130.429189159729
522,NL3,26,522__MOUSE PRL__26__NL3__0.6,q-learning dual-alpha with stickiness,55.8294294187421,121.658858837484,134.157907189136
522,NL3,26,522__MOUSE PRL__26__NL3__0.6,hmm,57.8774369134887,135.754873826977,160.75297053028
523,NL3,24,523__MOUSE PRL__24__NL3__0.6,random,61.8265418935791,125.653083787158,128.152893457488
523,NL3,24,523__MOUSE PRL__24__NL3__0.6,wsls,56.6156743841208,117.231348768242,122.230968108902
523,NL3,24,523__MOUSE PRL__24__NL3__0.6,q-learning,59.0582844082562,122.116568816512,127.116188157173
523,NL3,24,523__MOUSE PRL__24__NL3__0.6,assymetric q-learning,58.3651157208742,122.730231441748,130.229660452739
523,NL3,24,523__MOUSE PRL__24__NL3__0.6,q-learning with stickiness,57.3049948830816,122.609989766163,132.609228447484
523,NL3,24,523__MOUSE PRL__24__NL3__0.6,q-learning dual-alpha with stickiness,56.8221755846162,123.644351169232,136.143399520884
523,NL3,24,523__MOUSE PRL__24__NL3__0.6,hmm,58.0388675642127,136.077735128425,161.075831831728
523,NL3,25,523__MOUSE PRL__25__NL3__0.6,random,53.1758021646224,108.351604329245,110.851413999575
523,NL3,25,523__MOUSE PRL__25__NL3__0.6,wsls,53.8302653351437,111.660530670287,116.660150010948
523,NL3,25,523__MOUSE PRL__25__NL3__0.6,q-learning,62.3832852399021,128.766570479804,133.766189820465
523,NL3,25,523__MOUSE PRL__25__NL3__0.6,assymetric q-learning,62.3832672015264,130.766534403053,138.265963414044
523,NL3,25,523__MOUSE PRL__25__NL3__0.6,q-learning with stickiness,54.9732723114056,117.946544622811,127.945783304132
523,NL3,25,523__MOUSE PRL__25__NL3__0.6,q-learning dual-alpha with stickiness,54.9732584855535,119.946516971107,132.445565322758
523,NL3,25,523__MOUSE PRL__25__NL3__0.6,hmm,50.1953059971001,120.3906119942,145.388708697503
523,NL3,26,523__MOUSE PRL__26__NL3__0.6,random,60.9534361434451,123.90687228689,126.40668195722
523,NL3,26,523__MOUSE PRL__26__NL3__0.6,wsls,58.2224360867415,120.444872173483,125.444491514143
523,NL3,26,523__MOUSE PRL__26__NL3__0.6,q-learning,56.7308527288534,117.461705457707,122.461324798367
523,NL3,26,523__MOUSE PRL__26__NL3__0.6,assymetric q-learning,56.4821476113755,118.964295222751,126.463724233742
523,NL3,26,523__MOUSE PRL__26__NL3__0.6,q-learning with stickiness,55.4268348801296,118.853669760259,128.85290844158
523,NL3,26,523__MOUSE PRL__26__NL3__0.6,q-learning dual-alpha with stickiness,55.3037998513677,120.607599702735,133.106648054387
523,NL3,26,523__MOUSE PRL__26__NL3__0.6,hmm,56.1830767503013,132.366153500603,157.364250203905
524,WT,24,524__MOUSE PRL__24__WT__0.6,random,62.2943280743479,126.588656148696,129.088465819026
524,WT,24,524__MOUSE PRL__24__WT__0.6,wsls,56.0263928393585,116.052785678717,121.052405019378
524,WT,24,524__MOUSE PRL__24__WT__0.6,q-learning,55.738991494944,115.477982989888,120.477602330548
524,WT,24,524__MOUSE PRL__24__WT__0.6,assymetric q-learning,55.6595765324176,117.319153064835,124.818582075826
524,WT,24,524__MOUSE PRL__24__WT__0.6,q-learning with stickiness,55.6479338845634,119.295867769127,129.295106450448
524,WT,24,524__MOUSE PRL__24__WT__0.6,q-learning dual-alpha with stickiness,55.5699947236174,121.139989447235,133.639037798886
524,WT,24,524__MOUSE PRL__24__WT__0.6,hmm,60.3960846575148,140.79216931503,165.790266018332
524,WT,25,524__MOUSE PRL__25__WT__0.6,random,62.0272209872465,126.054441974493,128.554251644823
524,WT,25,524__MOUSE PRL__25__WT__0.6,wsls,59.8497185979773,123.699437195955,128.699056536615
524,WT,25,524__MOUSE PRL__25__WT__0.6,q-learning,61.6694687958708,127.338937591742,132.338556932402
524,WT,25,524__MOUSE PRL__25__WT__0.6,assymetric q-learning,60.1370186127899,126.27403722558,133.773466236571
524,WT,25,524__MOUSE PRL__25__WT__0.6,q-learning with stickiness,59.5908307572032,127.181661514406,137.180900195727
524,WT,25,524__MOUSE PRL__25__WT__0.6,q-learning dual-alpha with stickiness,58.5742726564134,127.148545312827,139.647593664478
524,WT,25,524__MOUSE PRL__25__WT__0.6,hmm,59.4931009700428,138.986201940086,163.984298643388
524,WT,26,524__MOUSE PRL__26__WT__0.6,random,62.0272209872465,126.054441974493,128.554251644823
524,WT,26,524__MOUSE PRL__26__WT__0.6,wsls,61.3254339692332,126.650867938466,131.650487279127
524,WT,26,524__MOUSE PRL__26__WT__0.6,q-learning,62.3832483926859,128.766496785372,133.766116126032
524,WT,26,524__MOUSE PRL__26__WT__0.6,assymetric q-learning,60.8729896935367,127.745979387073,135.245408398064
524,WT,26,524__MOUSE PRL__26__WT__0.6,q-learning with stickiness,61.4142362929172,130.828472585834,140.827711267156
524,WT,26,524__MOUSE PRL__26__WT__0.6,q-learning dual-alpha with stickiness,60.3673320509632,130.734664101926,143.233712453578
524,WT,26,524__MOUSE PRL__26__WT__0.6,hmm,59.7006020440034,139.401204088007,164.399300791309
525,WT,24,525__MOUSE PRL__24__WT__0.6,random,60.5710500306531,123.142100061306,125.641909731636
525,WT,24,525__MOUSE PRL__24__WT__0.6,wsls,58.6154567826235,121.230913565247,126.230532905907
525,WT,24,525__MOUSE PRL__24__WT__0.6,q-learning,62.0727324816985,128.145464963397,133.145084304058
525,WT,24,525__MOUSE PRL__24__WT__0.6,assymetric q-learning,60.1766161291375,126.353232258275,133.852661269266
525,WT,24,525__MOUSE PRL__24__WT__0.6,q-learning with stickiness,57.1489790568575,122.297958113715,132.297196795036
525,WT,24,525__MOUSE PRL__24__WT__0.6,q-learning dual-alpha with stickiness,56.3825876807194,122.765175361439,135.26422371309
525,WT,24,525__MOUSE PRL__24__WT__0.6,hmm,56.9246117287571,133.849223457514,158.847320160817
525,WT,25,525__MOUSE PRL__25__WT__0.6,random,60.5710500306531,123.142100061306,125.641909731636
525,WT,25,525__MOUSE PRL__25__WT__0.6,wsls,56.8212648173504,117.642529634701,122.642148975361
525,WT,25,525__MOUSE PRL__25__WT__0.6,q-learning,58.1414507944765,120.282901588953,125.282520929614
525,WT,25,525__MOUSE PRL__25__WT__0.6,assymetric q-learning,57.6376394015639,121.275278803128,128.774707814119
525,WT,25,525__MOUSE PRL__25__WT__0.6,q-learning with stickiness,53.2152895467279,114.430579093456,124.429817774777
525,WT,25,525__MOUSE PRL__25__WT__0.6,q-learning dual-alpha with stickiness,53.0313205501029,116.062641100206,128.561689451857
525,WT,25,525__MOUSE PRL__25__WT__0.6,hmm,54.4590545353141,128.918109070628,153.916205773931
525,WT,26,525__MOUSE PRL__26__WT__0.6,random,62.3832462502151,126.76649250043,129.26630217076
525,WT,26,525__MOUSE PRL__26__WT__0.6,wsls,52.5269230415985,109.053846083197,114.053465423858
525,WT,26,525__MOUSE PRL__26__WT__0.6,q-learning,51.3325092923982,106.665018584796,111.664637925457
525,WT,26,525__MOUSE PRL__26__WT__0.6,assymetric q-learning,49.0785465392003,104.157093078401,111.656522089391
525,WT,26,525__MOUSE PRL__26__WT__0.6,q-learning with stickiness,50.7574386546244,109.514877309249,119.51411599057
525,WT,26,525__MOUSE PRL__26__WT__0.6,q-learning dual-alpha with stickiness,48.7984987377533,107.596997475507,120.096045827158
525,WT,26,525__MOUSE PRL__26__WT__0.6,hmm,55.6363765674306,131.272753134861,156.270849838164
531,WT,24,531__MOUSE PRL__24__WT__0.6,random,62.1830978380636,126.366195676127,128.866005346458
531,WT,24,531__MOUSE PRL__24__WT__0.6,wsls,54.6289113052848,113.25782261057,118.25744195123
531,WT,24,531__MOUSE PRL__24__WT__0.6,q-learning,59.0630599194934,122.126119838987,127.125739179647
531,WT,24,531__MOUSE PRL__24__WT__0.6,assymetric q-learning,59.0630599194933,124.126119838987,131.625548849977
531,WT,24,531__MOUSE PRL__24__WT__0.6,q-learning with stickiness,54.3738800956784,116.747760191357,126.746998872678
531,WT,24,531__MOUSE PRL__24__WT__0.6,q-learning dual-alpha with stickiness,54.0489201313934,118.097840262787,130.596888614438
531,WT,24,531__MOUSE PRL__24__WT__0.6,hmm,56.0507354540197,132.101470908039,157.099567611342
531,WT,25,531__MOUSE PRL__25__WT__0.6,random,62.361022198642,126.722044397284,129.221854067614
531,WT,25,531__MOUSE PRL__25__WT__0.6,wsls,55.9729389800483,115.945877960097,120.945497300757
531,WT,25,531__MOUSE PRL__25__WT__0.6,q-learning,56.4627091676935,116.925418335387,121.925037676047
531,WT,25,531__MOUSE PRL__25__WT__0.6,assymetric q-learning,56.4627091676934,118.925418335387,126.424847346378
531,WT,25,531__MOUSE PRL__25__WT__0.6,q-learning with stickiness,55.5076703939513,119.015340787903,129.014579469224
531,WT,25,531__MOUSE PRL__25__WT__0.6,q-learning dual-alpha with stickiness,55.5076703939508,121.015340787902,133.514389139553
531,WT,25,531__MOUSE PRL__25__WT__0.6,hmm,58.6393564530281,137.278712906056,162.276809609359
531,WT,26,531__MOUSE PRL__26__WT__0.6,random,59.666917811426,121.333835622852,123.833645293182
531,WT,26,531__MOUSE PRL__26__WT__0.6,wsls,57.4862712101458,118.972542420292,123.972161760952
531,WT,26,531__MOUSE PRL__26__WT__0.6,q-learning,61.3609912864824,126.721982572965,131.721601913625
531,WT,26,531__MOUSE PRL__26__WT__0.6,assymetric q-learning,58.8328873747034,123.665774749407,131.165203760398
531,WT,26,531__MOUSE PRL__26__WT__0.6,q-learning with stickiness,57.5990557640945,123.198111528189,133.19735020951
531,WT,26,531__MOUSE PRL__26__WT__0.6,q-learning dual-alpha with stickiness,56.3995427174009,122.799085434802,135.298133786453
531,WT,26,531__MOUSE PRL__26__WT__0.6,hmm,56.2411624676513,132.482324935303,157.480421638605
532,WT,24,532__MOUSE PRL__24__WT__0.6,random,61.289922893707,124.579845787414,127.079655457744
532,WT,24,532__MOUSE PRL__24__WT__0.6,wsls,59.0565381829952,122.11307636599,127.112695706651
532,WT,24,532__MOUSE PRL__24__WT__0.6,q-learning,59.7175162762143,123.435032552429,128.434651893089
532,WT,24,532__MOUSE PRL__24__WT__0.6,assymetric q-learning,59.2522681092956,124.504536218591,132.003965229582
532,WT,24,532__MOUSE PRL__24__WT__0.6,q-learning with stickiness,58.2758554331542,124.551710866308,134.550949547629
532,WT,24,532__MOUSE PRL__24__WT__0.6,q-learning dual-alpha with stickiness,58.2434228213185,126.486845642637,138.985893994288
532,WT,24,532__MOUSE PRL__24__WT__0.6,hmm,58.5947477802539,137.189495560508,162.18759226381
532,WT,25,532__MOUSE PRL__25__WT__0.6,random,60.9534361434451,123.90687228689,126.40668195722
532,WT,25,532__MOUSE PRL__25__WT__0.6,wsls,50.9297881308997,105.859576261799,110.85919560246
532,WT,25,532__MOUSE PRL__25__WT__0.6,q-learning,52.6171934736308,109.234386947262,114.234006287922
532,WT,25,532__MOUSE PRL__25__WT__0.6,assymetric q-learning,51.9187126148077,109.837425229615,117.336854240606
532,WT,25,532__MOUSE PRL__25__WT__0.6,q-learning with stickiness,49.1410920642017,106.282184128403,116.281422809725
532,WT,25,532__MOUSE PRL__25__WT__0.6,q-learning dual-alpha with stickiness,48.6546296003952,107.30925920079,119.808307552442
532,WT,25,532__MOUSE PRL__25__WT__0.6,hmm,51.8770204142634,123.754040828527,148.752137531829
532,WT,26,532__MOUSE PRL__26__WT__0.6,random,61.8265418935791,125.653083787158,128.152893457488
532,WT,26,532__MOUSE PRL__26__WT__0.6,wsls,59.4423067199872,122.884613439974,127.884232780635
532,WT,26,532__MOUSE PRL__26__WT__0.6,q-learning,61.5231853353503,127.046370670701,132.045990011361
532,WT,26,532__MOUSE PRL__26__WT__0.6,assymetric q-learning,60.9631684519063,127.926336903813,135.425765914803
532,WT,26,532__MOUSE PRL__26__WT__0.6,q-learning with stickiness,59.762534261876,127.525068523752,137.524307205073
532,WT,26,532__MOUSE PRL__26__WT__0.6,q-learning dual-alpha with stickiness,59.5589545195437,129.117909039087,141.616957390739
532,WT,26,532__MOUSE PRL__26__WT__0.6,hmm,59.3824986039327,138.764997207865,163.763093911168
533,WT,24,533__MOUSE PRL__24__WT__0.6,random,54.1038430059663,110.207686011933,112.707495682263
533,WT,24,533__MOUSE PRL__24__WT__0.6,wsls,57.6079742115343,119.215948423069,124.215567763729
533,WT,24,533__MOUSE PRL__24__WT__0.6,q-learning,53.3720309468906,110.744061893781,115.743681234442
533,WT,24,533__MOUSE PRL__24__WT__0.6,assymetric q-learning,53.2761721311561,112.552344262312,120.051773273303
533,WT,24,533__MOUSE PRL__24__WT__0.6,q-learning with stickiness,52.7854954139602,113.57099082792,123.570229509241
533,WT,24,533__MOUSE PRL__24__WT__0.6,q-learning dual-alpha with stickiness,52.6752803328318,115.350560665664,127.849609017315
533,WT,24,533__MOUSE PRL__24__WT__0.6,hmm,53.3994220615286,126.798844123057,151.79694082636
533,WT,25,533__MOUSE PRL__25__WT__0.6,random,62.0272209872465,126.054441974493,128.554251644823
533,WT,25,533__MOUSE PRL__25__WT__0.6,wsls,52.4987512148665,108.997502429733,113.997121770394
533,WT,25,533__MOUSE PRL__25__WT__0.6,q-learning,58.1617320711268,120.323464142254,125.323083482914
533,WT,25,533__MOUSE PRL__25__WT__0.6,assymetric q-learning,57.2318038272942,120.463607654588,127.963036665579
533,WT,25,533__MOUSE PRL__25__WT__0.6,q-learning with stickiness,51.9624951578753,111.924990315751,121.924228997072
533,WT,25,533__MOUSE PRL__25__WT__0.6,q-learning dual-alpha with stickiness,51.6304310200055,113.260862040011,125.759910391662
533,WT,25,533__MOUSE PRL__25__WT__0.6,hmm,52.78277858907,125.56555717814,150.563653881443
533,WT,26,533__MOUSE PRL__26__WT__0.6,random,61.289922893707,124.579845787414,127.079655457744
533,WT,26,533__MOUSE PRL__26__WT__0.6,wsls,59.2446327298039,122.489265459608,127.488884800268
533,WT,26,533__MOUSE PRL__26__WT__0.6,q-learning,59.9245041786746,123.849008357349,128.84862769801
533,WT,26,533__MOUSE PRL__26__WT__0.6,assymetric q-learning,59.6985730536817,125.397146107363,132.896575118354
533,WT,26,533__MOUSE PRL__26__WT__0.6,q-learning with stickiness,57.7219648352768,123.443929670554,133.443168351875
533,WT,26,533__MOUSE PRL__26__WT__0.6,q-learning dual-alpha with stickiness,57.5883972945269,125.176794589054,137.675842940705
533,WT,26,533__MOUSE PRL__26__WT__0.6,hmm,58.1704775971974,136.340955194395,161.339051897697
537,NL3,24,537__MOUSE PRL__24__NL3__0.6,random,62.1830978380636,126.366195676127,128.866005346458
537,NL3,24,537__MOUSE PRL__24__NL3__0.6,wsls,58.9538614239146,121.907722847829,126.90734218849
537,NL3,24,537__MOUSE PRL__24__NL3__0.6,q-learning,61.6172599768764,127.234519953753,132.234139294413
537,NL3,24,537__MOUSE PRL__24__NL3__0.6,assymetric q-learning,61.0544893507857,128.108978701571,135.608407712562
537,NL3,24,537__MOUSE PRL__24__NL3__0.6,q-learning with stickiness,57.3007513706568,122.601502741314,132.600741422635
537,NL3,24,537__MOUSE PRL__24__NL3__0.6,q-learning dual-alpha with stickiness,56.8905141029715,123.781028205943,136.280076557594
537,NL3,24,537__MOUSE PRL__24__NL3__0.6,hmm,58.776323465555,137.55264693111,162.550743634413
537,NL3,25,537__MOUSE PRL__25__NL3__0.6,random,62.1830978380636,126.366195676127,128.866005346458
537,NL3,25,537__MOUSE PRL__25__NL3__0.6,wsls,59.7595615155145,123.519123031029,128.51874237169
537,NL3,25,537__MOUSE PRL__25__NL3__0.6,q-learning,61.7546109219052,127.50922184381,132.508841184471
537,NL3,25,537__MOUSE PRL__25__NL3__0.6,assymetric q-learning,61.070649973168,128.141299946336,135.640728957327
537,NL3,25,537__MOUSE PRL__25__NL3__0.6,q-learning with stickiness,59.8544677385433,127.708935477087,137.708174158408
537,NL3,25,537__MOUSE PRL__25__NL3__0.6,q-learning dual-alpha with stickiness,59.4971003301529,128.994200660306,141.493249011957
537,NL3,25,537__MOUSE PRL__25__NL3__0.6,hmm,59.5759849378792,139.151969875758,164.150066579061
537,NL3,26,537__MOUSE PRL__26__NL3__0.6,random,62.2943280743479,126.588656148696,129.088465819026
537,NL3,26,537__MOUSE PRL__26__NL3__0.6,wsls,60.6803486389615,125.360697277923,130.360316618584
537,NL3,26,537__MOUSE PRL__26__NL3__0.6,q-learning,59.7128251470537,123.425650294107,128.425269634768
537,NL3,26,537__MOUSE PRL__26__NL3__0.6,assymetric q-learning,57.2201273596433,120.440254719287,127.939683730277
537,NL3,26,537__MOUSE PRL__26__NL3__0.6,q-learning with stickiness,59.3120941931477,126.624188386295,136.623427067616
537,NL3,26,537__MOUSE PRL__26__NL3__0.6,q-learning dual-alpha with stickiness,56.9869476609829,123.973895321966,136.472943673617
537,NL3,26,537__MOUSE PRL__26__NL3__0.6,hmm,57.4685812781146,134.937162556229,159.935259259532
543,NL3,24,543__MOUSE PRL__24__NL3__0.6,random,62.3832462502151,126.76649250043,129.26630217076
543,NL3,24,543__MOUSE PRL__24__NL3__0.6,wsls,62.328125325573,128.656250651146,133.655869991806
543,NL3,24,543__MOUSE PRL__24__NL3__0.6,q-learning,62.3832468668672,128.766493733734,133.766113074395
543,NL3,24,543__MOUSE PRL__24__NL3__0.6,assymetric q-learning,62.3832468668672,130.766493733734,138.265922744725
543,NL3,24,543__MOUSE PRL__24__NL3__0.6,q-learning with stickiness,62.2941942185173,132.588388437035,142.587627118356
543,NL3,24,543__MOUSE PRL__24__NL3__0.6,q-learning dual-alpha with stickiness,62.2873666148069,134.574733229614,147.073781581265
543,NL3,24,543__MOUSE PRL__24__NL3__0.6,hmm,61.6426050545594,143.285210109119,168.283306812422
543,NL3,25,543__MOUSE PRL__25__NL3__0.6,random,61.8265418935791,125.653083787158,128.152893457488
543,NL3,25,543__MOUSE PRL__25__NL3__0.6,wsls,57.5682965600891,119.136593120178,124.136212460839
543,NL3,25,543__MOUSE PRL__25__NL3__0.6,q-learning,61.2583755689638,126.516751137928,131.516370478588
543,NL3,25,543__MOUSE PRL__25__NL3__0.6,assymetric q-learning,61.2542417958109,128.508483591622,136.007912602613
543,NL3,25,543__MOUSE PRL__25__NL3__0.6,q-learning with stickiness,57.0994571893727,122.198914378745,132.198153060066
543,NL3,25,543__MOUSE PRL__25__NL3__0.6,q-learning dual-alpha with stickiness,57.0982135498361,124.196427099672,136.695475451324
543,NL3,25,543__MOUSE PRL__25__NL3__0.6,hmm,56.6447380866081,133.289476173216,158.287572876519
543,NL3,26,543__MOUSE PRL__26__NL3__0.6,random,61.5808588615471,125.161717723094,127.661527393424
543,NL3,26,543__MOUSE PRL__26__NL3__0.6,wsls,59.7111014737137,123.422202947427,128.421822288088
543,NL3,26,543__MOUSE PRL__26__NL3__0.6,q-learning,62.0262877364039,128.052575472808,133.052194813468
543,NL3,26,543__MOUSE PRL__26__NL3__0.6,assymetric q-learning,61.9289926934223,129.857985386845,137.357414397836
543,NL3,26,543__MOUSE PRL__26__NL3__0.6,q-learning with stickiness,59.322429554558,126.644859109116,136.644097790437
543,NL3,26,543__MOUSE PRL__26__NL3__0.6,q-learning dual-alpha with stickiness,59.3217394437017,128.643478887403,141.142527239055
543,NL3,26,543__MOUSE PRL__26__NL3__0.6,hmm,58.5914222799848,137.18284455997,162.180941263272
544,WT,24,544__MOUSE PRL__24__WT__0.6,random,62.0272209872465,126.054441974493,128.554251644823
544,WT,24,544__MOUSE PRL__24__WT__0.6,wsls,59.1057023802569,122.211404760514,127.211024101174
544,WT,24,544__MOUSE PRL__24__WT__0.6,q-learning,59.3219891497328,122.643978299466,127.643597640126
544,WT,24,544__MOUSE PRL__24__WT__0.6,assymetric q-learning,59.3110463952142,124.622092790428,132.121521801419
544,WT,24,544__MOUSE PRL__24__WT__0.6,q-learning with stickiness,57.9513046847969,123.902609369594,133.901848050915
544,WT,24,544__MOUSE PRL__24__WT__0.6,q-learning dual-alpha with stickiness,57.9508445583209,125.901689116642,138.400737468293
544,WT,24,544__MOUSE PRL__24__WT__0.6,hmm,60.811054867267,141.622109734534,166.620206437837
544,WT,25,544__MOUSE PRL__25__WT__0.6,random,62.1830978380636,126.366195676127,128.866005346458
544,WT,25,544__MOUSE PRL__25__WT__0.6,wsls,59.2840457920505,122.568091584101,127.567710924761
544,WT,25,544__MOUSE PRL__25__WT__0.6,q-learning,58.4751839707767,120.950367941553,125.949987282214
544,WT,25,544__MOUSE PRL__25__WT__0.6,assymetric q-learning,57.1143675246504,120.228735049301,127.728164060292
544,WT,25,544__MOUSE PRL__25__WT__0.6,q-learning with stickiness,57.7844770510296,123.568954102059,133.56819278338
544,WT,25,544__MOUSE PRL__25__WT__0.6,q-learning dual-alpha with stickiness,56.8452200093848,123.69044001877,136.189488370421
544,WT,25,544__MOUSE PRL__25__WT__0.6,hmm,60.0665554786431,140.133110957286,165.131207660589
544,WT,26,544__MOUSE PRL__26__WT__0.6,random,62.0272209872465,126.054441974493,128.554251644823
544,WT,26,544__MOUSE PRL__26__WT__0.6,wsls,58.9006084656048,121.80121693121,126.80083627187
544,WT,26,544__MOUSE PRL__26__WT__0.6,q-learning,59.7903423356725,123.580684671345,128.580304012006
544,WT,26,544__MOUSE PRL__26__WT__0.6,assymetric q-learning,59.4260964503522,124.852192900704,132.351621911695
544,WT,26,544__MOUSE PRL__26__WT__0.6,q-learning with stickiness,58.2803629858043,124.560725971609,134.55996465293
544,WT,26,544__MOUSE PRL__26__WT__0.6,q-learning dual-alpha with stickiness,58.2106073956742,126.421214791348,138.920263143
544,WT,26,544__MOUSE PRL__26__WT__0.6,hmm,59.493101370292,138.986202740584,163.984299443887
546,WT,24,546__MOUSE PRL__24__WT__0.6,random,62.2943280743479,126.588656148696,129.088465819026
546,WT,24,546__MOUSE PRL__24__WT__0.6,wsls,60.6539541466137,125.307908293227,130.307527633888
546,WT,24,546__MOUSE PRL__24__WT__0.6,q-learning,62.2716513490662,128.543302698132,133.542922038793
546,WT,24,546__MOUSE PRL__24__WT__0.6,assymetric q-learning,62.1162637736642,130.232527547328,137.731956558319
546,WT,24,546__MOUSE PRL__24__WT__0.6,q-learning with stickiness,60.6041634185022,129.208326837004,139.207565518325
546,WT,24,546__MOUSE PRL__24__WT__0.6,q-learning dual-alpha with stickiness,60.4847866992566,130.969573398513,143.468621750165
546,WT,24,546__MOUSE PRL__24__WT__0.6,hmm,60.0239176659656,140.047835331931,165.045932035234
546,WT,25,546__MOUSE PRL__25__WT__0.6,random,62.2943280743479,126.588656148696,129.088465819026
546,WT,25,546__MOUSE PRL__25__WT__0.6,wsls,60.6539541466138,125.307908293228,130.307527633888
546,WT,25,546__MOUSE PRL__25__WT__0.6,q-learning,62.2249247956519,128.449849591304,133.449468931964
546,WT,25,546__MOUSE PRL__25__WT__0.6,assymetric q-learning,61.8409432741376,129.681886548275,137.181315559266
546,WT,25,546__MOUSE PRL__25__WT__0.6,q-learning with stickiness,60.5990991030853,129.198198206171,139.197436887492
546,WT,25,546__MOUSE PRL__25__WT__0.6,q-learning dual-alpha with stickiness,60.3677377724151,130.73547554483,143.234523896481
546,WT,25,546__MOUSE PRL__25__WT__0.6,hmm,59.964465654158,139.928931308316,164.927028011619
546,WT,26,546__MOUSE PRL__26__WT__0.6,random,62.1830978380636,126.366195676127,128.866005346458
546,WT,26,546__MOUSE PRL__26__WT__0.6,wsls,61.4685620948033,126.937124189607,131.936743530267
546,WT,26,546__MOUSE PRL__26__WT__0.6,q-learning,62.3832814018283,128.766562803656,133.766182144317
546,WT,26,546__MOUSE PRL__26__WT__0.6,assymetric q-learning,62.3832814018283,130.766562803656,138.265991814647
546,WT,26,546__MOUSE PRL__26__WT__0.6,q-learning with stickiness,61.2814921682324,130.562984336465,140.562223017786
546,WT,26,546__MOUSE PRL__26__WT__0.6,q-learning dual-alpha with stickiness,61.2814921682324,132.562984336465,145.062032688116
546,WT,26,546__MOUSE PRL__26__WT__0.6,hmm,60.5333503346373,141.066700669275,166.064797372577
554,WT,24,554__MOUSE PRL__24__WT__0.6,random,59.666917811426,121.333835622852,123.833645293182
554,WT,24,554__MOUSE PRL__24__WT__0.6,wsls,56.7646522913157,117.529304582631,122.528923923292
554,WT,24,554__MOUSE PRL__24__WT__0.6,q-learning,62.3594428934136,128.718885786827,133.718505127488
554,WT,24,554__MOUSE PRL__24__WT__0.6,assymetric q-learning,61.0609708153621,128.121941630724,135.621370641715
554,WT,24,554__MOUSE PRL__24__WT__0.6,q-learning with stickiness,56.8508891568287,121.701778313657,131.701016994978
554,WT,24,554__MOUSE PRL__24__WT__0.6,q-learning dual-alpha with stickiness,56.413022185389,122.826044370778,135.325092722429
554,WT,24,554__MOUSE PRL__24__WT__0.6,hmm,55.017904456543,130.035808913086,155.033905616389
554,WT,25,554__MOUSE PRL__25__WT__0.6,random,62.1830978380636,126.366195676127,128.866005346458
554,WT,25,554__MOUSE PRL__25__WT__0.6,wsls,58.5362873231292,121.072574646258,126.072193986919
554,WT,25,554__MOUSE PRL__25__WT__0.6,q-learning,62.3245314986803,128.649062997361,133.648682338021
554,WT,25,554__MOUSE PRL__25__WT__0.6,assymetric q-learning,61.6220960449297,129.244192089859,136.74362110085
554,WT,25,554__MOUSE PRL__25__WT__0.6,q-learning with stickiness,57.3243341382057,122.648668276411,132.647906957732
554,WT,25,554__MOUSE PRL__25__WT__0.6,q-learning dual-alpha with stickiness,57.2830111212014,124.566022242403,137.065070594054
554,WT,25,554__MOUSE PRL__25__WT__0.6,hmm,57.9758516920903,135.951703384181,160.949800087483
554,WT,26,554__MOUSE PRL__26__WT__0.6,random,62.2943280743479,126.588656148696,129.088465819026
554,WT,26,554__MOUSE PRL__26__WT__0.6,wsls,49.6328330682716,103.265666136543,108.265285477204
554,WT,26,554__MOUSE PRL__26__WT__0.6,q-learning,56.0123919397798,116.02478387956,121.02440322022
554,WT,26,554__MOUSE PRL__26__WT__0.6,assymetric q-learning,53.5532519832497,113.106503966499,120.60593297749
554,WT,26,554__MOUSE PRL__26__WT__0.6,q-learning with stickiness,47.8955300582441,103.791060116488,113.790298797809
554,WT,26,554__MOUSE PRL__26__WT__0.6,q-learning dual-alpha with stickiness,46.9122316329007,103.824463265801,116.323511617453
554,WT,26,554__MOUSE PRL__26__WT__0.6,hmm,49.6825223946514,119.365044789303,144.363141492605
555,NL3,24,555__MOUSE PRL__24__NL3__0.6,random,60.1423629896285,122.284725979257,124.784535649587
555,NL3,24,555__MOUSE PRL__24__NL3__0.6,wsls,52.5632326510735,109.126465302147,114.126084642808
555,NL3,24,555__MOUSE PRL__24__NL3__0.6,q-learning,62.3832624541909,128.766524908382,133.766144249042
555,NL3,24,555__MOUSE PRL__24__NL3__0.6,assymetric q-learning,62.373681470408,130.747362940816,138.246791951807
555,NL3,24,555__MOUSE PRL__24__NL3__0.6,q-learning with stickiness,52.3764839157705,112.752967831541,122.752206512862
555,NL3,24,555__MOUSE PRL__24__NL3__0.6,q-learning dual-alpha with stickiness,52.3764717553485,114.752943510697,127.251991862348
555,NL3,24,555__MOUSE PRL__24__NL3__0.6,hmm,50.9236366330132,121.847273266026,146.845369969329
555,NL3,25,555__MOUSE PRL__25__NL3__0.6,random,62.2943280743479,126.588656148696,129.088465819026
555,NL3,25,555__MOUSE PRL__25__NL3__0.6,wsls,55.5720809041069,115.144161808214,120.143781148874
555,NL3,25,555__MOUSE PRL__25__NL3__0.6,q-learning,58.5899478556126,121.179895711225,126.179515051886
555,NL3,25,555__MOUSE PRL__25__NL3__0.6,assymetric q-learning,57.1666506064709,120.333301212942,127.832730223933
555,NL3,25,555__MOUSE PRL__25__NL3__0.6,q-learning with stickiness,56.1932805319323,120.386561063865,130.385799745186
555,NL3,25,555__MOUSE PRL__25__NL3__0.6,q-learning dual-alpha with stickiness,55.422293802738,120.844587605476,133.343635957127
555,NL3,25,555__MOUSE PRL__25__NL3__0.6,hmm,57.4134537505783,134.826907501157,159.825004204459
555,NL3,26,555__MOUSE PRL__26__NL3__0.6,random,60.5710500306531,123.142100061306,125.641909731636
555,NL3,26,555__MOUSE PRL__26__NL3__0.6,wsls,58.2119724010426,120.423944802085,125.423564142746
555,NL3,26,555__MOUSE PRL__26__NL3__0.6,q-learning,62.383282640106,128.766565280212,133.766184620873
555,NL3,26,555__MOUSE PRL__26__NL3__0.6,assymetric q-learning,61.2088147553371,128.417629510674,135.917058521665
555,NL3,26,555__MOUSE PRL__26__NL3__0.6,q-learning with stickiness,58.0081103018234,124.016220603647,134.015459284968
555,NL3,26,555__MOUSE PRL__26__NL3__0.6,q-learning dual-alpha with stickiness,57.6337079709248,125.26741594185,137.766464293501
555,NL3,26,555__MOUSE PRL__26__NL3__0.6,hmm,55.754005384592,131.508010769184,156.506107472487
556,WT,24,556__MOUSE PRL__24__WT__0.6,random,62.0272209872465,126.054441974493,128.554251644823
556,WT,24,556__MOUSE PRL__24__WT__0.6,wsls,61.69946840173,127.39893680346,132.398556144121
556,WT,24,556__MOUSE PRL__24__WT__0.6,q-learning,62.3832710076286,128.766542015257,133.766161355918
556,WT,24,556__MOUSE PRL__24__WT__0.6,assymetric q-learning,62.3832472152657,130.766494430531,138.265923441522
556,WT,24,556__MOUSE PRL__24__WT__0.6,q-learning with stickiness,61.6649342385567,131.329868477113,141.329107158435
556,WT,24,556__MOUSE PRL__24__WT__0.6,q-learning dual-alpha with stickiness,61.6649127217542,133.329825443508,145.82887379516
556,WT,24,556__MOUSE PRL__24__WT__0.6,hmm,60.6286585866373,141.257317173275,166.255413876577
556,WT,25,556__MOUSE PRL__25__WT__0.6,random,62.1830978380636,126.366195676127,128.866005346458
556,WT,25,556__MOUSE PRL__25__WT__0.6,wsls,56.5074343103786,117.014868620757,122.014487961418
556,WT,25,556__MOUSE PRL__25__WT__0.6,q-learning,55.8413077235461,115.682615447092,120.682234787753
556,WT,25,556__MOUSE PRL__25__WT__0.6,assymetric q-learning,55.6972243541448,117.39444870829,124.89387771928
556,WT,25,556__MOUSE PRL__25__WT__0.6,q-learning with stickiness,54.4624523013498,116.9249046027,126.924143284021
556,WT,25,556__MOUSE PRL__25__WT__0.6,q-learning dual-alpha with stickiness,54.2954956899794,118.590991379959,131.09003973161
556,WT,25,556__MOUSE PRL__25__WT__0.6,hmm,57.3428544297901,134.68570885958,159.683805562883
556,WT,26,556__MOUSE PRL__26__WT__0.6,random,62.361022198642,126.722044397284,129.221854067614
556,WT,26,556__MOUSE PRL__26__WT__0.6,wsls,49.805619149997,103.611238299994,108.610857640655
556,WT,26,556__MOUSE PRL__26__WT__0.6,q-learning,56.6020896555474,117.204179311095,122.203798651755
556,WT,26,556__MOUSE PRL__26__WT__0.6,assymetric q-learning,55.484813249831,116.969626499662,124.469055510653
556,WT,26,556__MOUSE PRL__26__WT__0.6,q-learning with stickiness,49.9562619963361,107.912523992672,117.911762673993
556,WT,26,556__MOUSE PRL__26__WT__0.6,q-learning dual-alpha with stickiness,49.5289161924141,109.057832384828,121.556880736479
556,WT,26,556__MOUSE PRL__26__WT__0.6,hmm,51.8050050131277,123.610010026255,148.608106729558
557,NL3,24,557__MOUSE PRL__24__NL3__0.6,random,62.361022198642,126.722044397284,129.221854067614
557,NL3,24,557__MOUSE PRL__24__NL3__0.6,wsls,60.4375993553536,124.875198710707,129.874818051368
557,NL3,24,557__MOUSE PRL__24__NL3__0.6,q-learning,61.9169195206053,127.833839041211,132.833458381871
557,NL3,24,557__MOUSE PRL__24__NL3__0.6,assymetric q-learning,61.6227382448986,129.245476489797,136.744905500788
557,NL3,24,557__MOUSE PRL__24__NL3__0.6,q-learning with stickiness,59.7338483147992,127.467696629598,137.46693531092
557,NL3,24,557__MOUSE PRL__24__NL3__0.6,q-learning dual-alpha with stickiness,59.5742991664434,129.148598332887,141.647646684538
557,NL3,24,557__MOUSE PRL__24__NL3__0.6,hmm,60.0528332121014,140.105666424203,165.103763127505
557,NL3,25,557__MOUSE PRL__25__NL3__0.6,random,62.1830978380636,126.366195676127,128.866005346458
557,NL3,25,557__MOUSE PRL__25__NL3__0.6,wsls,58.9203570529816,121.840714105963,126.840333446624
557,NL3,25,557__MOUSE PRL__25__NL3__0.6,q-learning,61.9722777047155,127.944555409431,132.944174750092
557,NL3,25,557__MOUSE PRL__25__NL3__0.6,assymetric q-learning,61.8023523858173,129.604704771635,137.104133782625
557,NL3,25,557__MOUSE PRL__25__NL3__0.6,q-learning with stickiness,59.078389839224,126.156779678448,136.156018359769
557,NL3,25,557__MOUSE PRL__25__NL3__0.6,q-learning dual-alpha with stickiness,58.9455779950366,127.891155990073,140.390204341724
557,NL3,25,557__MOUSE PRL__25__NL3__0.6,hmm,58.4875413756548,136.97508275131,161.973179454612
557,NL3,26,557__MOUSE PRL__26__NL3__0.6,random,62.0272209872465,126.054441974493,128.554251644823
557,NL3,26,557__MOUSE PRL__26__NL3__0.6,wsls,61.0879461021568,126.175892204314,131.175511544974
557,NL3,26,557__MOUSE PRL__26__NL3__0.6,q-learning,61.1416289979268,126.283257995854,131.282877336514
557,NL3,26,557__MOUSE PRL__26__NL3__0.6,assymetric q-learning,60.6917932543546,127.383586508709,134.8830155197
557,NL3,26,557__MOUSE PRL__26__NL3__0.6,q-learning with stickiness,60.5816043440977,129.163208688195,139.162447369516
557,NL3,26,557__MOUSE PRL__26__NL3__0.6,q-learning dual-alpha with stickiness,60.4852094583377,130.970418916675,143.469467268327
557,NL3,26,557__MOUSE PRL__26__NL3__0.6,hmm,60.6528512481751,141.30570249635,166.303799199653
565,WT,24,565__MOUSE PRL__24__WT__0.6,random,61.289922893707,124.579845787414,127.079655457744
565,WT,24,565__MOUSE PRL__24__WT__0.6,wsls,60.0000324176369,124.000064835274,128.999684175934
565,WT,24,565__MOUSE PRL__24__WT__0.6,q-learning,60.5688397555911,125.137679511182,130.137298851843
565,WT,24,565__MOUSE PRL__24__WT__0.6,assymetric q-learning,60.4214825868709,126.842965173742,134.342394184733
565,WT,24,565__MOUSE PRL__24__WT__0.6,q-learning with stickiness,58.9073747829946,125.814749565989,135.81398824731
565,WT,24,565__MOUSE PRL__24__WT__0.6,q-learning dual-alpha with stickiness,58.8689932454752,127.73798649095,140.237034842602
565,WT,24,565__MOUSE PRL__24__WT__0.6,hmm,57.9195190951547,135.839038190309,160.837134893612
565,WT,25,565__MOUSE PRL__25__WT__0.6,random,62.3832462502151,126.76649250043,129.26630217076
565,WT,25,565__MOUSE PRL__25__WT__0.6,wsls,59.9334893074308,123.866978614862,128.866597955522
565,WT,25,565__MOUSE PRL__25__WT__0.6,q-learning,58.8181462484768,121.636292496954,126.635911837614
565,WT,25,565__MOUSE PRL__25__WT__0.6,assymetric q-learning,56.4674392478399,118.93487849568,126.434307506671
565,WT,25,565__MOUSE PRL__25__WT__0.6,q-learning with stickiness,58.4092935044925,124.818587008985,134.817825690306
565,WT,25,565__MOUSE PRL__25__WT__0.6,q-learning dual-alpha with stickiness,55.1003205960097,120.200641192019,132.699689543671
565,WT,25,565__MOUSE PRL__25__WT__0.6,hmm,56.6892109527613,133.378421905523,158.376518608825
565,WT,26,565__MOUSE PRL__26__WT__0.6,random,60.9534361434451,123.90687228689,126.40668195722
565,WT,26,565__MOUSE PRL__26__WT__0.6,wsls,61.7911143613445,127.582228722689,132.58184806335
565,WT,26,565__MOUSE PRL__26__WT__0.6,q-learning,62.3832656625708,128.766531325142,133.766150665802
565,WT,26,565__MOUSE PRL__26__WT__0.6,assymetric q-learning,62.3832519280528,130.766503856106,138.265932867096
565,WT,26,565__MOUSE PRL__26__WT__0.6,q-learning with stickiness,61.5475227163599,131.09504543272,141.094284114041
565,WT,26,565__MOUSE PRL__26__WT__0.6,q-learning dual-alpha with stickiness,61.5475206365018,133.095041273004,145.594089624655
565,WT,26,565__MOUSE PRL__26__WT__0.6,hmm,60.165474507502,140.330949015004,165.329045718307
566,NL3,24,566__MOUSE PRL__24__NL3__0.6,random,60.9534361434451,123.90687228689,126.40668195722
566,NL3,24,566__MOUSE PRL__24__NL3__0.6,wsls,55.3613965206326,114.722793041265,119.722412381926
566,NL3,24,566__MOUSE PRL__24__NL3__0.6,q-learning,59.9790467718961,123.958093543792,128.957712884453
566,NL3,24,566__MOUSE PRL__24__NL3__0.6,assymetric q-learning,59.6794171025708,125.358834205142,132.858263216132
566,NL3,24,566__MOUSE PRL__24__NL3__0.6,q-learning with stickiness,54.751646834487,117.503293668974,127.502532350295
566,NL3,24,566__MOUSE PRL__24__NL3__0.6,q-learning dual-alpha with stickiness,54.5765045672278,119.153009134456,131.652057486107
566,NL3,24,566__MOUSE PRL__24__NL3__0.6,hmm,54.656709800516,129.313419601032,154.311516304335
566,NL3,25,566__MOUSE PRL__25__NL3__0.6,random,61.5808588615471,125.161717723094,127.661527393424
566,NL3,25,566__MOUSE PRL__25__NL3__0.6,wsls,58.9538614239146,121.907722847829,126.90734218849
566,NL3,25,566__MOUSE PRL__25__NL3__0.6,q-learning,59.9643398360656,123.928679672131,128.928299012792
566,NL3,25,566__MOUSE PRL__25__NL3__0.6,assymetric q-learning,59.5346229797116,125.069245959423,132.568674970414
566,NL3,25,566__MOUSE PRL__25__NL3__0.6,q-learning with stickiness,58.0524158553789,124.104831710758,134.104070392079
566,NL3,25,566__MOUSE PRL__25__NL3__0.6,q-learning dual-alpha with stickiness,57.7783758180151,125.55675163603,138.055799987682
566,NL3,25,566__MOUSE PRL__25__NL3__0.6,hmm,58.1773431161455,136.354686232291,161.352782935594
566,NL3,26,566__MOUSE PRL__26__NL3__0.6,random,62.361022198642,126.722044397284,129.221854067614
566,NL3,26,566__MOUSE PRL__26__NL3__0.6,wsls,58.668966816046,121.337933632092,126.337552972753
566,NL3,26,566__MOUSE PRL__26__NL3__0.6,q-learning,62.1637605610855,128.327521122171,133.327140462831
566,NL3,26,566__MOUSE PRL__26__NL3__0.6,assymetric q-learning,62.1519059770666,130.303811954133,137.803240965124
566,NL3,26,566__MOUSE PRL__26__NL3__0.6,q-learning with stickiness,58.4132271445504,124.826454289101,134.825692970422
566,NL3,26,566__MOUSE PRL__26__NL3__0.6,q-learning dual-alpha with stickiness,58.3626969483171,126.725393896634,139.224442248286
566,NL3,26,566__MOUSE PRL__26__NL3__0.6,hmm,58.1280194880375,136.256038976075,161.254135679378
567,NL3,24,567__MOUSE PRL__24__NL3__0.6,random,62.361022198642,126.722044397284,129.221854067614
567,NL3,24,567__MOUSE PRL__24__NL3__0.6,wsls,54.2969227086954,112.593845417391,117.593464758051
567,NL3,24,567__MOUSE PRL__24__NL3__0.6,q-learning,54.3542590735639,112.708518147128,117.708137487788
567,NL3,24,567__MOUSE PRL__24__NL3__0.6,assymetric q-learning,54.3542590735639,114.708518147128,122.207947158119
567,NL3,24,567__MOUSE PRL__24__NL3__0.6,q-learning with stickiness,54.2550677677612,116.510135535522,126.509374216844
567,NL3,24,567__MOUSE PRL__24__NL3__0.6,q-learning dual-alpha with stickiness,54.2550677677625,118.510135535525,131.009183887176
567,NL3,24,567__MOUSE PRL__24__NL3__0.6,hmm,58.5907638966596,137.181527793319,162.179624496622
567,NL3,25,567__MOUSE PRL__25__NL3__0.6,random,62.0272209872465,126.054441974493,128.554251644823
567,NL3,25,567__MOUSE PRL__25__NL3__0.6,wsls,60.418804379132,124.837608758264,129.837228098925
567,NL3,25,567__MOUSE PRL__25__NL3__0.6,q-learning,61.12003911789,126.24007823578,131.239697576441
567,NL3,25,567__MOUSE PRL__25__NL3__0.6,assymetric q-learning,59.8227893765051,125.64557875301,133.145007764001
567,NL3,25,567__MOUSE PRL__25__NL3__0.6,q-learning with stickiness,60.6865209425753,129.37304188515,139.372280566472
567,NL3,25,567__MOUSE PRL__25__NL3__0.6,q-learning dual-alpha with stickiness,59.6057494246189,129.211498849238,141.710547200889
567,NL3,25,567__MOUSE PRL__25__NL3__0.6,hmm,60.1608068349692,140.321613669938,165.319710373241
567,NL3,26,567__MOUSE PRL__26__NL3__0.6,random,62.2943280743479,126.588656148696,129.088465819026
567,NL3,26,567__MOUSE PRL__26__NL3__0.6,wsls,53.4790936856441,110.958187371288,115.957806711949
567,NL3,26,567__MOUSE PRL__26__NL3__0.6,q-learning,57.5587946988213,119.117589397643,124.117208738303
567,NL3,26,567__MOUSE PRL__26__NL3__0.6,assymetric q-learning,57.5414870939008,121.082974187802,128.582403198792
567,NL3,26,567__MOUSE PRL__26__NL3__0.6,q-learning with stickiness,54.2773236693681,116.554647338736,126.553886020057
567,NL3,26,567__MOUSE PRL__26__NL3__0.6,q-learning dual-alpha with stickiness,54.179157014575,118.35831402915,130.857362380801
567,NL3,26,567__MOUSE PRL__26__NL3__0.6,hmm,56.0654064714478,132.130812942896,157.128909646198
568,WT,24,568__MOUSE PRL__24__WT__0.6,random,60.5710500306531,123.142100061306,125.641909731636
568,WT,24,568__MOUSE PRL__24__WT__0.6,wsls,59.8198702476377,123.639740495275,128.639359835936
568,WT,24,568__MOUSE PRL__24__WT__0.6,q-learning,61.9751770270349,127.95035405407,132.94997339473
568,WT,24,568__MOUSE PRL__24__WT__0.6,assymetric q-learning,61.6432153200953,129.286430640191,136.785859651181
568,WT,24,568__MOUSE PRL__24__WT__0.6,q-learning with stickiness,59.4752197742498,126.9504395485,136.949678229821
568,WT,24,568__MOUSE PRL__24__WT__0.6,q-learning dual-alpha with stickiness,59.2382605064893,128.476521012979,140.97556936463
568,WT,24,568__MOUSE PRL__24__WT__0.6,hmm,58.1519043620137,136.303808724027,161.30190542733
568,WT,25,568__MOUSE PRL__25__WT__0.6,random,62.0272209872465,126.054441974493,128.554251644823
568,WT,25,568__MOUSE PRL__25__WT__0.6,wsls,56.730050471572,117.460100943144,122.459720283805
568,WT,25,568__MOUSE PRL__25__WT__0.6,q-learning,59.2599924620984,122.519984924197,127.519604264857
568,WT,25,568__MOUSE PRL__25__WT__0.6,assymetric q-learning,58.5940147602029,123.188029520406,130.687458531397
568,WT,25,568__MOUSE PRL__25__WT__0.6,q-learning with stickiness,56.1950528805943,120.390105761189,130.38934444251
568,WT,25,568__MOUSE PRL__25__WT__0.6,q-learning dual-alpha with stickiness,55.6945616453265,121.389123290653,133.888171642304
568,WT,25,568__MOUSE PRL__25__WT__0.6,hmm,57.3456199788614,134.691239957723,159.689336661025
568,WT,26,568__MOUSE PRL__26__WT__0.6,random,60.9534361434451,123.90687228689,126.40668195722
568,WT,26,568__MOUSE PRL__26__WT__0.6,wsls,61.8728037662178,127.745607532436,132.745226873096
568,WT,26,568__MOUSE PRL__26__WT__0.6,q-learning,60.7892850706084,125.578570141217,130.578189481877
568,WT,26,568__MOUSE PRL__26__WT__0.6,assymetric q-learning,59.9960826375752,125.99216527515,133.491594286141
568,WT,26,568__MOUSE PRL__26__WT__0.6,q-learning with stickiness,60.6771998154041,129.354399630808,139.353638312129
568,WT,26,568__MOUSE PRL__26__WT__0.6,q-learning dual-alpha with stickiness,59.9145124866032,129.829024973206,142.328073324858
568,WT,26,568__MOUSE PRL__26__WT__0.6,hmm,59.7174482125741,139.434896425148,164.432993128451
